[
  {
    "id": 0,
    "name": "andaman nicobar"
  },
  {
    "id": 1,
    "name": "Telangana"
  },
  {
    "id": 2,
    "name": "Assam"
  },
  {
    "id": 3,
    "name": "Arunachal Pradesh"
  },
  {
    "id": 4,
    "name": "Andhra Pradesh"
  },
  {
    "id": 5,
    "name": "Bihar"
  },
  {
    "id": 6,
    "name": "Chandigarh"
  },
  {
    "id": 7,
    "name": "Daman"
  },
  {
    "id": 8,
    "name": "Dadra Nagar Haweli"
  },
  {
    "id": 9,
    "name": "Delhi"
  },
  {
    "id": 10,
    "name": "Goa"
  },
  {
    "id": 11,
    "name": "Himachal Pradesh"
  },
  {
    "id": 12,
    "name": "Gujrat"
  },
  {
    "id": 13,
    "name": "Jharkhand"
  },
  {
    "id": 14,
    "name": "Haryana"
  },
  {
    "id": 15,
    "name": "Jammu & Kashmir"
  },
  {
    "id": 16,
    "name": "Kerala"
  },
  {
    "id": 17,
    "name": "Chhattisgarh"
  },
  {
    "id": 18,
    "name": "Karnatka"
  },
  {
    "id": 19,
    "name": "Madhya Pradesh"
  },
  {
    "id": 20,
    "name": "Meghalaya"
  },
  {
    "id": 21,
    "name": "Odisha"
  },
  {
    "id": 22,
    "name": "Nagaland"
  },
  {
    "id": 23,
    "name": "Punjab"
  },
  {
    "id": 24,
    "name": "Sikkim"
  },
  {
    "id": 25,
    "name": "Pondicherry"
  },
  {
    "id": 26,
    "name": "Rajasthan"
  },
  {
    "id": 27,
    "name": "Tamilnadu"
  },
  {
    "id": 28,
    "name": "Uttar Pradesh"
  },
  {
    "id": 29,
    "name": "Tripura"
  },
  {
    "id": 30,
    "name": "Uttarakhand"
  },
  {
    "id": 31,
    "name": "Maharashtra"
  },
  {
    "id": 32,
    "name": "West Bengal"
  },
  {
    "id": 33,
    "name": "Manipur"
  }
]